{
    "providers": [
        {
            "type": "bitmap",
            "file": "bomberman:item/fire_up.png",
            "ascent": 8,
            "height": 8,
            "chars": ["\uE000"]
        },
        {
            "type": "bitmap",
            "file": "bomberman:item/boxing_glove.png",
            "ascent": 8,
            "height": 8,
            "chars": ["\uE001"]
        },
        {
            "type": "bitmap",
            "file": "bomberman:item/pierce.png",
            "ascent": 8,
            "height": 8,
            "chars": ["\uE002"]
        }
    ]
}