{
    "providers": [
        {
            "type": "bitmap",
            "file": "bomberman:item/fire_up.png",
            "ascent": 8,
            "height": 8,
            "chars": ["\uE000"]
        },
        {
            "type": "bitmap",
            "file": "bomberman:item/boxing_glove.png",
            "ascent": 8,
            "height": 8,
            "chars": ["\uE001"]
        },
        {
            "type": "bitmap",
            "file": "bomberman:item/pierce.png",
            "ascent": 8,
            "height": 8,
            "chars": ["\uE002"]
        },
        {
            "type": "bitmap",
            "file": "bomberman:bitmap/empty1x1.png",
            "ascent": -32768,
            "height": 50,
            "chars": ["S"]
        },
        {
            "type": "bitmap",
            "file": "bomberman:bitmap/bomberman.png",
            "ascent": -65,
            "height": 24,
            "chars": [
                "N"
            ]
        },
        {
            "type": "bitmap",
            "file": "bomberman:bitmap/n0.png",
            "ascent": -80,
            "height": 16,
            "chars": [ "0" ]
        },
        {
            "type": "bitmap",
            "file": "bomberman:bitmap/n1.png",
            "ascent": -80,
            "height": 16,
            "chars": [ "1" ]
        },
        {
            "type": "bitmap",
            "file": "bomberman:bitmap/n2.png",
            "ascent": -80,
            "height": 16,
            "chars": [ "2" ]
        },
        {
            "type": "bitmap",
            "file": "bomberman:bitmap/n3.png",
            "ascent": -80,
            "height": 16,
            "chars": [ "3" ]
        },
        {
            "type": "bitmap",
            "file": "bomberman:bitmap/n4.png",
            "ascent": -80,
            "height": 16,
            "chars": [ "4" ]
        },
        {
            "type": "bitmap",
            "file": "bomberman:bitmap/n5.png",
            "ascent": -80,
            "height": 16,
            "chars": [ "5" ]
        },
        {
            "type": "bitmap",
            "file": "bomberman:bitmap/n6.png",
            "ascent": -80,
            "height": 16,
            "chars": [ "6" ]
        },
        {
            "type": "bitmap",
            "file": "bomberman:bitmap/n7.png",
            "ascent": -80,
            "height": 16,
            "chars": [ "7" ]
        },
        {
            "type": "bitmap",
            "file": "bomberman:bitmap/n8.png",
            "ascent": -80,
            "height": 16,
            "chars": [ "8" ]
        },
        {
            "type": "bitmap",
            "file": "bomberman:bitmap/n9.png",
            "ascent": -80,
            "height": 16,
            "chars": [ "9" ]
        }        
    ]
}