{
    "parent": "item/generated",
    "textures": {
        "layer0": "item/nautilus_shell"
    },
    "overrides": [
        {"predicate": {"custom_model_data": 1}, "model": "bomberman:item/fire_up"},
        {"predicate": {"custom_model_data": 2}, "model": "bomberman:item/full_fire"},
        {"predicate": {"custom_model_data": 3}, "model": "bomberman:item/fire_down"},
        {"predicate": {"custom_model_data": 4}, "model": "bomberman:item/speed_up"},
        {"predicate": {"custom_model_data": 5}, "model": "bomberman:item/speed_down"},
        {"predicate": {"custom_model_data": 6}, "model": "bomberman:item/boxing_glove"},
        {"predicate": {"custom_model_data": 7}, "model": "bomberman:item/pierce"}
    ]
}
