{
	"model": {
		"type": "select",
		"property": "custom_model_data",
		"fallback": {
			"type": "model",
			"model": "item/nautilus_shell"
		},
		"cases": [
			{
				"when": "fire_up",
				"model": {
					"type": "model",
					"model": "bomberman:items/fire_up"
				}
			},
			{
				"when": "full_fire",
				"model": {
					"type": "model",
					"model": "bomberman:items/full_fire"
				}
			},
			{
				"when": "fire_down",
				"model": {
					"type": "model",
					"model": "bomberman:items/fire_down"
				}
			},
			{
				"when": "speed_up",
				"model": {
					"type": "model",
					"model": "bomberman:items/speed_up"
				}
			},
			{
				"when": "speed_down",
				"model": {
					"type": "model",
					"model": "bomberman:items/speed_down"
				}
			},
			{
				"when": "boxing_glove",
				"model": {
					"type": "model",
					"model": "bomberman:items/boxing_glove"
				}
			},
			{
				"when": "pierce",
				"model": {
					"type": "model",
					"model": "bomberman:items/pierce"
				}
			}
		]
	}
}