{
	"model": {
		"type": "minecraft:select",
		"property": "minecraft:custom_model_data",
		"index": 0,
		"cases": [
			{
				"when": "1",
				"model": {
					"type": "minecraft:model",
					"model": "custom/entities/player/head"
				}
			},
			{
				"when": "2",
				"model": {
					"type": "minecraft:model",
					"model": "custom/entities/player/right_arm"
				}
			},
			{
				"when": "3",
				"model": {
					"type": "minecraft:model",
					"model": "custom/entities/player/left_arm"
				}
			},
			{
				"when": "4",
				"model": {
					"type": "minecraft:model",
					"model": "custom/entities/player/right_leg"
				}
			},
			{
				"when": "5",
				"model": {
					"type": "minecraft:model",
					"model": "custom/entities/player/left_leg"
				}
			},
			{
				"when": "6",
				"model": {
					"type": "minecraft:model",
					"model": "custom/entities/player/slim_right"
				}
			},
			{
				"when": "7",
				"model": {
					"type": "minecraft:model",
					"model": "custom/entities/player/slim_left"
				}
			},
			{
				"when": "8",
				"model": {
					"type": "minecraft:model",
					"model": "custom/entities/player/hip"
				}
			},
			{
				"when": "9",
				"model": {
					"type": "minecraft:model",
					"model": "custom/entities/player/waist"
				}
			},
			{
				"when": "10",
				"model": {
					"type": "minecraft:model",
					"model": "custom/entities/player/chest"
				}
			}
		]
	}
}